design,cost,order,completion,flexAssembly,flexInspection
C1A0T0I0F1,463,CF,111,12,12
C1A0T0I0F1,463,FC,111,12,12
C1A0T0I0F2,776,CFF,60,12,12
C1A0T0I0F2,776,FCF,60,12,12
C1A0T0I0F2,776,FFC,60,12,12
C1A0T0I1F1,713,CIF,81,12,6
C1A0T0I1F1,713,CFI,81,12,6
C1A0T0I1F1,713,ICF,81,12,6
C1A0T0I1F1,713,IFC,81,12,6
C1A0T0I1F1,713,FCI,81,12,6
C1A0T0I1F1,713,FIC,81,12,6
C1A0T0I1F2,1026,CIFF,48,12,6
C1A0T0I1F2,1026,CFIF,47,12,7
C1A0T0I1F2,1026,CFFI,47,12,7
C1A0T0I1F2,1026,ICFF,48,12,6
C1A0T0I1F2,1026,IFCF,48,12,6
C1A0T0I1F2,1026,IFFC,48,12,6
C1A0T0I1F2,1026,FCIF,47,12,7
C1A0T0I1F2,1026,FCFI,47,12,7
C1A0T0I1F2,1026,FICF,47,12,7
C1A0T0I1F2,1026,FIFC,47,12,7
C1A0T0I1F2,1026,FFCI,47,12,7
C1A0T0I1F2,1026,FFIC,47,12,7
C1A0T0I2F1,963,CIIF,56,12,0
C1A0T0I2F1,963,CIFI,56,12,1
C1A0T0I2F1,963,CFII,56,12,1
C1A0T0I2F1,963,ICIF,56,12,0
C1A0T0I2F1,963,ICFI,56,12,1
C1A0T0I2F1,963,IICF,56,12,0
C1A0T0I2F1,963,IIFC,56,12,0
C1A0T0I2F1,963,IFCI,56,12,1
C1A0T0I2F1,963,IFIC,56,12,1
C1A0T0I2F1,963,FCII,56,12,1
C1A0T0I2F1,963,FICI,56,12,1
C1A0T0I2F1,963,FIIC,56,12,1
C1A0T1I0F1,823,CTF,67,0,12
C1A0T1I0F1,823,CFT,67,1,12
C1A0T1I0F1,823,TCF,67,0,12
C1A0T1I0F1,823,TFC,67,0,12
C1A0T1I0F1,823,FCT,67,1,12
C1A0T1I0F1,823,FTC,67,1,12
C1A0T1I1F0,760,CTI,67,0,0
C1A0T1I1F0,760,CIT,67,0,0
C1A0T1I1F0,760,TCI,67,0,0
C1A0T1I1F0,760,TIC,67,0,0
C1A0T1I1F0,760,ICT,67,0,0
C1A0T1I1F0,760,ITC,67,0,0
C1A0T1I2F0,1010,CTII,45,0,0
C1A0T1I2F0,1010,CITI,45,0,0
C1A0T1I2F0,1010,CIIT,45,0,0
C1A0T1I2F0,1010,TCII,45,0,0
C1A0T1I2F0,1010,TICI,45,0,0
C1A0T1I2F0,1010,TIIC,45,0,0
C1A0T1I2F0,1010,ICTI,45,0,0
C1A0T1I2F0,1010,ICIT,45,0,0
C1A0T1I2F0,1010,ITCI,45,0,0
C1A0T1I2F0,1010,ITIC,45,0,0
C1A0T1I2F0,1010,IICT,45,0,0
C1A0T1I2F0,1010,IITC,45,0,0
C1A1T0I0F1,663,CAF,70,1,12
C1A1T0I0F1,663,CFA,67,1,12
C1A1T0I0F1,663,ACF,70,1,12
C1A1T0I0F1,663,AFC,70,1,12
C1A1T0I0F1,663,FCA,67,1,12
C1A1T0I0F1,663,FAC,67,1,12
C1A1T0I0F2,976,CAFF,46,4,12
C1A1T0I0F2,976,CFAF,46,5,12
C1A1T0I0F2,976,CFFA,46,5,12
C1A1T0I0F2,976,ACFF,46,4,12
C1A1T0I0F2,976,AFCF,46,4,12
C1A1T0I0F2,976,AFFC,46,4,12
C1A1T0I0F2,976,FCAF,46,5,12
C1A1T0I0F2,976,FCFA,46,5,12
C1A1T0I0F2,976,FACF,46,5,12
C1A1T0I0F2,976,FAFC,46,5,12
C1A1T0I0F2,976,FFCA,46,5,12
C1A1T0I0F2,976,FFAC,46,5,12
C1A1T0I1F0,600,CAI,67,0,0
C1A1T0I1F0,600,CIA,67,0,0
C1A1T0I1F0,600,ACI,67,0,0
C1A1T0I1F0,600,AIC,67,0,0
C1A1T0I1F0,600,ICA,67,0,0
C1A1T0I1F0,600,IAC,67,0,0
C1A1T0I1F1,913,CAIF,47,4,5
C1A1T0I1F1,913,CAFI,47,4,5
C1A1T0I1F1,913,CIAF,47,4,5
C1A1T0I1F1,913,CIFA,47,4,5
C1A1T0I1F1,913,CFAI,46,4,5
C1A1T0I1F1,913,CFIA,46,4,5
C1A1T0I1F1,913,ACIF,47,4,5
C1A1T0I1F1,913,ACFI,47,4,5
C1A1T0I1F1,913,AICF,47,4,5
C1A1T0I1F1,913,AIFC,47,4,5
C1A1T0I1F1,913,AFCI,47,4,5
C1A1T0I1F1,913,AFIC,47,4,5
C1A1T0I1F1,913,ICAF,47,4,5
C1A1T0I1F1,913,ICFA,47,4,5
C1A1T0I1F1,913,IACF,47,4,5
C1A1T0I1F1,913,IAFC,47,4,5
C1A1T0I1F1,913,IFCA,47,4,5
C1A1T0I1F1,913,IFAC,47,4,5
C1A1T0I1F1,913,FCAI,46,4,5
C1A1T0I1F1,913,FCIA,46,4,5
C1A1T0I1F1,913,FACI,46,4,5
C1A1T0I1F1,913,FAIC,46,4,5
C1A1T0I1F1,913,FICA,46,4,5
C1A1T0I1F1,913,FIAC,46,4,5
C1A1T0I2F0,850,CAII,56,0,0
C1A1T0I2F0,850,CIAI,56,0,0
C1A1T0I2F0,850,CIIA,56,0,0
C1A1T0I2F0,850,ACII,56,0,0
C1A1T0I2F0,850,AICI,56,0,0
C1A1T0I2F0,850,AIIC,56,0,0
C1A1T0I2F0,850,ICAI,56,0,0
C1A1T0I2F0,850,ICIA,56,0,0
C1A1T0I2F0,850,IACI,56,0,0
C1A1T0I2F0,850,IAIC,56,0,0
C1A1T0I2F0,850,IICA,56,0,0
C1A1T0I2F0,850,IIAC,56,0,0
C1A1T1I0F1,1023,CATF,67,0,12
C1A1T1I0F1,1023,CAFT,70,1,12
C1A1T1I0F1,1023,CTAF,67,0,12
C1A1T1I0F1,1023,CTFA,67,0,12
C1A1T1I0F1,1023,CFAT,67,1,12
C1A1T1I0F1,1023,CFTA,67,1,12
C1A1T1I0F1,1023,ACTF,67,0,12
C1A1T1I0F1,1023,ACFT,70,1,12
C1A1T1I0F1,1023,ATCF,67,0,12
C1A1T1I0F1,1023,ATFC,67,0,12
C1A1T1I0F1,1023,AFCT,70,1,12
C1A1T1I0F1,1023,AFTC,70,1,12
C1A1T1I0F1,1023,TCAF,67,0,12
C1A1T1I0F1,1023,TCFA,67,0,12
C1A1T1I0F1,1023,TACF,67,0,12
C1A1T1I0F1,1023,TAFC,67,0,12
C1A1T1I0F1,1023,TFCA,67,0,12
C1A1T1I0F1,1023,TFAC,67,0,12
C1A1T1I0F1,1023,FCAT,67,1,12
C1A1T1I0F1,1023,FCTA,67,1,12
C1A1T1I0F1,1023,FACT,67,1,12
C1A1T1I0F1,1023,FATC,67,1,12
C1A1T1I0F1,1023,FTCA,67,1,12
C1A1T1I0F1,1023,FTAC,67,1,12
C1A1T1I1F0,960,CATI,67,0,0
C1A1T1I1F0,960,CAIT,67,0,0
C1A1T1I1F0,960,CTAI,67,0,0
C1A1T1I1F0,960,CTIA,67,0,0
C1A1T1I1F0,960,CIAT,67,0,0
C1A1T1I1F0,960,CITA,67,0,0
C1A1T1I1F0,960,ACTI,67,0,0
C1A1T1I1F0,960,ACIT,67,0,0
C1A1T1I1F0,960,ATCI,67,0,0
C1A1T1I1F0,960,ATIC,67,0,0
C1A1T1I1F0,960,AICT,67,0,0
C1A1T1I1F0,960,AITC,67,0,0
C1A1T1I1F0,960,TCAI,67,0,0
C1A1T1I1F0,960,TCIA,67,0,0
C1A1T1I1F0,960,TACI,67,0,0
C1A1T1I1F0,960,TAIC,67,0,0
C1A1T1I1F0,960,TICA,67,0,0
C1A1T1I1F0,960,TIAC,67,0,0
C1A1T1I1F0,960,ICAT,67,0,0
C1A1T1I1F0,960,ICTA,67,0,0
C1A1T1I1F0,960,IACT,67,0,0
C1A1T1I1F0,960,IATC,67,0,0
C1A1T1I1F0,960,ITCA,67,0,0
C1A1T1I1F0,960,ITAC,67,0,0
C1A2T0I0F1,863,CAAF,67,0,12
C1A2T0I0F1,863,CAFA,70,1,12
C1A2T0I0F1,863,CFAA,67,1,12
C1A2T0I0F1,863,ACAF,67,0,12
C1A2T0I0F1,863,ACFA,70,1,12
C1A2T0I0F1,863,AACF,67,0,12
C1A2T0I0F1,863,AAFC,67,0,12
C1A2T0I0F1,863,AFCA,70,1,12
C1A2T0I0F1,863,AFAC,70,1,12
C1A2T0I0F1,863,FCAA,67,1,12
C1A2T0I0F1,863,FACA,67,1,12
C1A2T0I0F1,863,FAAC,67,1,12
C1A2T0I1F0,800,CAAI,67,0,0
C1A2T0I1F0,800,CAIA,67,0,0
C1A2T0I1F0,800,CIAA,67,0,0
C1A2T0I1F0,800,ACAI,67,0,0
C1A2T0I1F0,800,ACIA,67,0,0
C1A2T0I1F0,800,AACI,67,0,0
C1A2T0I1F0,800,AAIC,67,0,0
C1A2T0I1F0,800,AICA,67,0,0
C1A2T0I1F0,800,AIAC,67,0,0
C1A2T0I1F0,800,ICAA,67,0,0
C1A2T0I1F0,800,IACA,67,0,0
C1A2T0I1F0,800,IAAC,67,0,0
C1A2T0I2F0,1050,CAAII,45,0,0
C1A2T0I2F0,1050,CAIAI,45,0,0
C1A2T0I2F0,1050,CAIIA,45,0,0
C1A2T0I2F0,1050,CIAAI,45,0,0
C1A2T0I2F0,1050,CIAIA,45,0,0
C1A2T0I2F0,1050,CIIAA,45,0,0
C1A2T0I2F0,1050,ACAII,45,0,0
C1A2T0I2F0,1050,ACIAI,45,0,0
C1A2T0I2F0,1050,ACIIA,45,0,0
C1A2T0I2F0,1050,AACII,45,0,0
C1A2T0I2F0,1050,AAICI,45,0,0
C1A2T0I2F0,1050,AAIIC,45,0,0
C1A2T0I2F0,1050,AICAI,45,0,0
C1A2T0I2F0,1050,AICIA,45,0,0
C1A2T0I2F0,1050,AIACI,45,0,0
C1A2T0I2F0,1050,AIAIC,45,0,0
C1A2T0I2F0,1050,AIICA,45,0,0
C1A2T0I2F0,1050,AIIAC,45,0,0
C1A2T0I2F0,1050,ICAAI,45,0,0
C1A2T0I2F0,1050,ICAIA,45,0,0
C1A2T0I2F0,1050,ICIAA,45,0,0
C1A2T0I2F0,1050,IACAI,45,0,0
C1A2T0I2F0,1050,IACIA,45,0,0
C1A2T0I2F0,1050,IAACI,45,0,0
C1A2T0I2F0,1050,IAAIC,45,0,0
C1A2T0I2F0,1050,IAICA,45,0,0
C1A2T0I2F0,1050,IAIAC,45,0,0
C1A2T0I2F0,1050,IICAA,45,0,0
C1A2T0I2F0,1050,IIACA,45,0,0
C1A2T0I2F0,1050,IIAAC,45,0,0
C1A3T0I1F0,1000,CAAAI,67,0,0
C1A3T0I1F0,1000,CAAIA,67,0,0
C1A3T0I1F0,1000,CAIAA,67,0,0
C1A3T0I1F0,1000,CIAAA,67,0,0
C1A3T0I1F0,1000,ACAAI,67,0,0
C1A3T0I1F0,1000,ACAIA,67,0,0
C1A3T0I1F0,1000,ACIAA,67,0,0
C1A3T0I1F0,1000,AACAI,67,0,0
C1A3T0I1F0,1000,AACIA,67,0,0
C1A3T0I1F0,1000,AAACI,67,0,0
C1A3T0I1F0,1000,AAAIC,67,0,0
C1A3T0I1F0,1000,AAICA,67,0,0
C1A3T0I1F0,1000,AAIAC,67,0,0
C1A3T0I1F0,1000,AICAA,67,0,0
C1A3T0I1F0,1000,AIACA,67,0,0
C1A3T0I1F0,1000,AIAAC,67,0,0
C1A3T0I1F0,1000,ICAAA,67,0,0
C1A3T0I1F0,1000,IACAA,67,0,0
C1A3T0I1F0,1000,IAACA,67,0,0
C1A3T0I1F0,1000,IAAAC,67,0,0
C2A0T0I0F1,613,CCF,111,12,12
C2A0T0I0F1,613,CFC,111,12,12
C2A0T0I0F1,613,FCC,111,12,12
C2A0T0I0F2,926,CCFF,57,12,12
C2A0T0I0F2,926,CFCF,57,12,12
C2A0T0I0F2,926,CFFC,57,12,12
C2A0T0I0F2,926,FCCF,57,12,12
C2A0T0I0F2,926,FCFC,57,12,12
C2A0T0I0F2,926,FFCC,57,12,12
C2A0T0I1F1,863,CCIF,81,12,6
C2A0T0I1F1,863,CCFI,81,12,6
C2A0T0I1F1,863,CICF,81,12,6
C2A0T0I1F1,863,CIFC,81,12,6
C2A0T0I1F1,863,CFCI,81,12,6
C2A0T0I1F1,863,CFIC,81,12,6
C2A0T0I1F1,863,ICCF,81,12,6
C2A0T0I1F1,863,ICFC,81,12,6
C2A0T0I1F1,863,IFCC,81,12,6
C2A0T0I1F1,863,FCCI,81,12,6
C2A0T0I1F1,863,FCIC,81,12,6
C2A0T0I1F1,863,FICC,81,12,6
C2A0T1I0F1,973,CCTF,70,1,12
C2A0T1I0F1,973,CCFT,67,1,12
C2A0T1I0F1,973,CTCF,70,1,12
C2A0T1I0F1,973,CTFC,70,1,12
C2A0T1I0F1,973,CFCT,67,1,12
C2A0T1I0F1,973,CFTC,67,1,12
C2A0T1I0F1,973,TCCF,70,1,12
C2A0T1I0F1,973,TCFC,70,1,12
C2A0T1I0F1,973,TFCC,70,1,12
C2A0T1I0F1,973,FCCT,67,1,12
C2A0T1I0F1,973,FCTC,67,1,12
C2A0T1I0F1,973,FTCC,67,1,12
C2A0T1I1F0,910,CCTI,67,0,0
C2A0T1I1F0,910,CCIT,67,0,0
C2A0T1I1F0,910,CTCI,67,0,0
C2A0T1I1F0,910,CTIC,67,0,0
C2A0T1I1F0,910,CICT,67,0,0
C2A0T1I1F0,910,CITC,67,0,0
C2A0T1I1F0,910,TCCI,67,0,0
C2A0T1I1F0,910,TCIC,67,0,0
C2A0T1I1F0,910,TICC,67,0,0
C2A0T1I1F0,910,ICCT,67,0,0
C2A0T1I1F0,910,ICTC,67,0,0
C2A0T1I1F0,910,ITCC,67,0,0
C2A1T0I0F1,813,CCAF,67,1,12
C2A1T0I0F1,813,CCFA,67,1,12
C2A1T0I0F1,813,CACF,67,1,12
C2A1T0I0F1,813,CAFC,67,1,12
C2A1T0I0F1,813,CFCA,67,1,12
C2A1T0I0F1,813,CFAC,67,1,12
C2A1T0I0F1,813,ACCF,67,1,12
C2A1T0I0F1,813,ACFC,67,1,12
C2A1T0I0F1,813,AFCC,67,1,12
C2A1T0I0F1,813,FCCA,67,1,12
C2A1T0I0F1,813,FCAC,67,1,12
C2A1T0I0F1,813,FACC,67,1,12
C2A1T0I1F0,750,CCAI,67,0,0
C2A1T0I1F0,750,CCIA,67,0,0
C2A1T0I1F0,750,CACI,67,0,0
C2A1T0I1F0,750,CAIC,67,0,0
C2A1T0I1F0,750,CICA,67,0,0
C2A1T0I1F0,750,CIAC,67,0,0
C2A1T0I1F0,750,ACCI,67,0,0
C2A1T0I1F0,750,ACIC,67,0,0
C2A1T0I1F0,750,AICC,67,0,0
C2A1T0I1F0,750,ICCA,67,0,0
C2A1T0I1F0,750,ICAC,67,0,0
C2A1T0I1F0,750,IACC,67,0,0
C2A1T0I2F0,1000,CCAII,56,0,0
C2A1T0I2F0,1000,CCIAI,56,0,0
C2A1T0I2F0,1000,CCIIA,56,0,0
C2A1T0I2F0,1000,CACII,56,0,0
C2A1T0I2F0,1000,CAICI,56,0,0
C2A1T0I2F0,1000,CAIIC,56,0,0
C2A1T0I2F0,1000,CICAI,56,0,0
C2A1T0I2F0,1000,CICIA,56,0,0
C2A1T0I2F0,1000,CIACI,56,0,0
C2A1T0I2F0,1000,CIAIC,56,0,0
C2A1T0I2F0,1000,CIICA,56,0,0
C2A1T0I2F0,1000,CIIAC,56,0,0
C2A1T0I2F0,1000,ACCII,56,0,0
C2A1T0I2F0,1000,ACICI,56,0,0
C2A1T0I2F0,1000,ACIIC,56,0,0
C2A1T0I2F0,1000,AICCI,56,0,0
C2A1T0I2F0,1000,AICIC,56,0,0
C2A1T0I2F0,1000,AIICC,56,0,0
C2A1T0I2F0,1000,ICCAI,56,0,0
C2A1T0I2F0,1000,ICCIA,56,0,0
C2A1T0I2F0,1000,ICACI,56,0,0
C2A1T0I2F0,1000,ICAIC,56,0,0
C2A1T0I2F0,1000,ICICA,56,0,0
C2A1T0I2F0,1000,ICIAC,56,0,0
C2A1T0I2F0,1000,IACCI,56,0,0
C2A1T0I2F0,1000,IACIC,56,0,0
C2A1T0I2F0,1000,IAICC,56,0,0
C2A1T0I2F0,1000,IICCA,56,0,0
C2A1T0I2F0,1000,IICAC,56,0,0
C2A1T0I2F0,1000,IIACC,56,0,0
C2A2T0I0F1,1013,CCAAF,70,1,12
C2A2T0I0F1,1013,CCAFA,67,1,12
C2A2T0I0F1,1013,CCFAA,67,1,12
C2A2T0I0F1,1013,CACAF,70,1,12
C2A2T0I0F1,1013,CACFA,67,1,12
C2A2T0I0F1,1013,CAACF,70,1,12
C2A2T0I0F1,1013,CAAFC,70,1,12
C2A2T0I0F1,1013,CAFCA,67,1,12
C2A2T0I0F1,1013,CAFAC,67,1,12
C2A2T0I0F1,1013,CFCAA,67,1,12
C2A2T0I0F1,1013,CFACA,67,1,12
C2A2T0I0F1,1013,CFAAC,67,1,12
C2A2T0I0F1,1013,ACCAF,70,1,12
C2A2T0I0F1,1013,ACCFA,67,1,12
C2A2T0I0F1,1013,ACACF,70,1,12
C2A2T0I0F1,1013,ACAFC,70,1,12
C2A2T0I0F1,1013,ACFCA,67,1,12
C2A2T0I0F1,1013,ACFAC,67,1,12
C2A2T0I0F1,1013,AACCF,70,1,12
C2A2T0I0F1,1013,AACFC,70,1,12
C2A2T0I0F1,1013,AAFCC,70,1,12
C2A2T0I0F1,1013,AFCCA,67,1,12
C2A2T0I0F1,1013,AFCAC,67,1,12
C2A2T0I0F1,1013,AFACC,67,1,12
C2A2T0I0F1,1013,FCCAA,67,1,12
C2A2T0I0F1,1013,FCACA,67,1,12
C2A2T0I0F1,1013,FCAAC,67,1,12
C2A2T0I0F1,1013,FACCA,67,1,12
C2A2T0I0F1,1013,FACAC,67,1,12
C2A2T0I0F1,1013,FAACC,67,1,12
C2A2T0I1F0,950,CCAAI,67,0,0
C2A2T0I1F0,950,CCAIA,67,0,0
C2A2T0I1F0,950,CCIAA,67,0,0
C2A2T0I1F0,950,CACAI,67,0,0
C2A2T0I1F0,950,CACIA,67,0,0
C2A2T0I1F0,950,CAACI,67,0,0
C2A2T0I1F0,950,CAAIC,67,0,0
C2A2T0I1F0,950,CAICA,67,0,0
C2A2T0I1F0,950,CAIAC,67,0,0
C2A2T0I1F0,950,CICAA,67,0,0
C2A2T0I1F0,950,CIACA,67,0,0
C2A2T0I1F0,950,CIAAC,67,0,0
C2A2T0I1F0,950,ACCAI,67,0,0
C2A2T0I1F0,950,ACCIA,67,0,0
C2A2T0I1F0,950,ACACI,67,0,0
C2A2T0I1F0,950,ACAIC,67,0,0
C2A2T0I1F0,950,ACICA,67,0,0
C2A2T0I1F0,950,ACIAC,67,0,0
C2A2T0I1F0,950,AACCI,67,0,0
C2A2T0I1F0,950,AACIC,67,0,0
C2A2T0I1F0,950,AAICC,67,0,0
C2A2T0I1F0,950,AICCA,67,0,0
C2A2T0I1F0,950,AICAC,67,0,0
C2A2T0I1F0,950,AIACC,67,0,0
C2A2T0I1F0,950,ICCAA,67,0,0
C2A2T0I1F0,950,ICACA,67,0,0
C2A2T0I1F0,950,ICAAC,67,0,0
C2A2T0I1F0,950,IACCA,67,0,0
C2A2T0I1F0,950,IACAC,67,0,0
C2A2T0I1F0,950,IAACC,67,0,0
C3A0T0I0F1,763,CCCF,111,12,12
C3A0T0I0F1,763,CCFC,111,12,12
C3A0T0I0F1,763,CFCC,111,12,12
C3A0T0I0F1,763,FCCC,111,12,12
C3A0T0I1F1,1013,CCCIF,81,12,6
C3A0T0I1F1,1013,CCCFI,81,12,6
C3A0T0I1F1,1013,CCICF,81,12,6
C3A0T0I1F1,1013,CCIFC,81,12,6
C3A0T0I1F1,1013,CCFCI,81,12,6
C3A0T0I1F1,1013,CCFIC,81,12,6
C3A0T0I1F1,1013,CICCF,81,12,6
C3A0T0I1F1,1013,CICFC,81,12,6
C3A0T0I1F1,1013,CIFCC,81,12,6
C3A0T0I1F1,1013,CFCCI,81,12,6
C3A0T0I1F1,1013,CFCIC,81,12,6
C3A0T0I1F1,1013,CFICC,81,12,6
C3A0T0I1F1,1013,ICCCF,81,12,6
C3A0T0I1F1,1013,ICCFC,81,12,6
C3A0T0I1F1,1013,ICFCC,81,12,6
C3A0T0I1F1,1013,IFCCC,81,12,6
C3A0T0I1F1,1013,FCCCI,81,12,6
C3A0T0I1F1,1013,FCCIC,81,12,6
C3A0T0I1F1,1013,FCICC,81,12,6
C3A0T0I1F1,1013,FICCC,81,12,6
C3A0T1I1F0,1060,CCCTI,67,0,0
C3A0T1I1F0,1060,CCCIT,67,0,0
C3A0T1I1F0,1060,CCTCI,67,0,0
C3A0T1I1F0,1060,CCTIC,67,0,0
C3A0T1I1F0,1060,CCICT,67,0,0
C3A0T1I1F0,1060,CCITC,67,0,0
C3A0T1I1F0,1060,CTCCI,67,0,0
C3A0T1I1F0,1060,CTCIC,67,0,0
C3A0T1I1F0,1060,CTICC,67,0,0
C3A0T1I1F0,1060,CICCT,67,0,0
C3A0T1I1F0,1060,CICTC,67,0,0
C3A0T1I1F0,1060,CITCC,67,0,0
C3A0T1I1F0,1060,TCCCI,67,0,0
C3A0T1I1F0,1060,TCCIC,67,0,0
C3A0T1I1F0,1060,TCICC,67,0,0
C3A0T1I1F0,1060,TICCC,67,0,0
C3A0T1I1F0,1060,ICCCT,67,0,0
C3A0T1I1F0,1060,ICCTC,67,0,0
C3A0T1I1F0,1060,ICTCC,67,0,0
C3A0T1I1F0,1060,ITCCC,67,0,0
C3A1T0I0F1,963,CCCAF,67,1,12
C3A1T0I0F1,963,CCCFA,67,1,12
C3A1T0I0F1,963,CCACF,67,1,12
C3A1T0I0F1,963,CCAFC,67,1,12
C3A1T0I0F1,963,CCFCA,67,1,12
C3A1T0I0F1,963,CCFAC,67,1,12
C3A1T0I0F1,963,CACCF,67,1,12
C3A1T0I0F1,963,CACFC,67,1,12
C3A1T0I0F1,963,CAFCC,67,1,12
C3A1T0I0F1,963,CFCCA,67,1,12
C3A1T0I0F1,963,CFCAC,67,1,12
C3A1T0I0F1,963,CFACC,67,1,12
C3A1T0I0F1,963,ACCCF,67,1,12
C3A1T0I0F1,963,ACCFC,67,1,12
C3A1T0I0F1,963,ACFCC,67,1,12
C3A1T0I0F1,963,AFCCC,67,1,12
C3A1T0I0F1,963,FCCCA,67,1,12
C3A1T0I0F1,963,FCCAC,67,1,12
C3A1T0I0F1,963,FCACC,67,1,12
C3A1T0I0F1,963,FACCC,67,1,12
C3A1T0I1F0,900,CCCAI,67,0,0
C3A1T0I1F0,900,CCCIA,67,0,0
C3A1T0I1F0,900,CCACI,67,0,0
C3A1T0I1F0,900,CCAIC,67,0,0
C3A1T0I1F0,900,CCICA,67,0,0
C3A1T0I1F0,900,CCIAC,67,0,0
C3A1T0I1F0,900,CACCI,67,0,0
C3A1T0I1F0,900,CACIC,67,0,0
C3A1T0I1F0,900,CAICC,67,0,0
C3A1T0I1F0,900,CICCA,67,0,0
C3A1T0I1F0,900,CICAC,67,0,0
C3A1T0I1F0,900,CIACC,67,0,0
C3A1T0I1F0,900,ACCCI,67,0,0
C3A1T0I1F0,900,ACCIC,67,0,0
C3A1T0I1F0,900,ACICC,67,0,0
C3A1T0I1F0,900,AICCC,67,0,0
C3A1T0I1F0,900,ICCCA,67,0,0
C3A1T0I1F0,900,ICCAC,67,0,0
C3A1T0I1F0,900,ICACC,67,0,0
C3A1T0I1F0,900,IACCC,67,0,0
C4A0T0I0F1,913,CCCCF,111,12,12
C4A0T0I0F1,913,CCCFC,111,12,12
C4A0T0I0F1,913,CCFCC,111,12,12
C4A0T0I0F1,913,CFCCC,111,12,12
C4A0T0I0F1,913,FCCCC,111,12,12
C4A1T0I1F0,1050,CCCCAI,67,0,0
C4A1T0I1F0,1050,CCCCIA,67,0,0
C4A1T0I1F0,1050,CCCACI,67,0,0
C4A1T0I1F0,1050,CCCAIC,67,0,0
C4A1T0I1F0,1050,CCCICA,67,0,0
C4A1T0I1F0,1050,CCCIAC,67,0,0
C4A1T0I1F0,1050,CCACCI,67,0,0
C4A1T0I1F0,1050,CCACIC,67,0,0
C4A1T0I1F0,1050,CCAICC,67,0,0
C4A1T0I1F0,1050,CCICCA,67,0,0
C4A1T0I1F0,1050,CCICAC,67,0,0
C4A1T0I1F0,1050,CCIACC,67,0,0
C4A1T0I1F0,1050,CACCCI,67,0,0
C4A1T0I1F0,1050,CACCIC,67,0,0
C4A1T0I1F0,1050,CACICC,67,0,0
C4A1T0I1F0,1050,CAICCC,67,0,0
C4A1T0I1F0,1050,CICCCA,67,0,0
C4A1T0I1F0,1050,CICCAC,67,0,0
C4A1T0I1F0,1050,CICACC,67,0,0
C4A1T0I1F0,1050,CIACCC,67,0,0
C4A1T0I1F0,1050,ACCCCI,67,0,0
C4A1T0I1F0,1050,ACCCIC,67,0,0
C4A1T0I1F0,1050,ACCICC,67,0,0
C4A1T0I1F0,1050,ACICCC,67,0,0
C4A1T0I1F0,1050,AICCCC,67,0,0
C4A1T0I1F0,1050,ICCCCA,67,0,0
C4A1T0I1F0,1050,ICCCAC,67,0,0
C4A1T0I1F0,1050,ICCACC,67,0,0
C4A1T0I1F0,1050,ICACCC,67,0,0
C4A1T0I1F0,1050,IACCCC,67,0,0
