profile,quantity,base,addition,completion
P2,12,CAI,,67
P2,12,CAI,C,67
P2,12,CAI,CC,67
P2,12,CAI,A,67
P2,12,CAI,I,56
P2,12,CAI,F,47
P2,12,CAII,,56
P2,12,CAII,C,56
P2,12,CAII,CC,56
P2,12,CAII,A,45
P2,12,CAII,I,56
P2,12,CAII,F,45
P2,12,CAAII,,45
P2,12,CAAII,C,37
P2,12,CAAII,CC,37
P2,12,CAAII,A,45
P2,12,CAAII,I,45
P2,12,CAAII,F,45
P2,12,CTII,,45
P2,12,CTII,C,37
P2,12,CTII,CC,37
P2,12,CTII,A,45
P2,12,CTII,I,45
P2,12,CTII,F,45
P2,12,CAIF,,47
P2,12,CAIF,C,44
P2,12,CAIF,CC,44
P2,12,CAIF,A,45
P2,12,CAIF,I,45
P2,12,CAIF,F,45
P2,12,CAAAAAAF,,67
P2,12,CAAAAAAF,C,67
P2,12,CAAAAAAF,CC,67
P2,12,CAAAAAAF,A,67
P2,12,CAAAAAAF,I,45
P2,12,CAAAAAAF,F,45
P2,1,CAI,,12
P2,1,CAII,,12
P2,1,CAIF,,12
P2,1,CTII,,12
P2,6,CAI,,37
P2,6,CAII,,32
P2,6,CAIF,,28
P2,6,CTII,,27
P2,24,CAI,,127
P2,24,CAII,,104
P2,24,CAIF,,84
P2,24,CTII,,81
